group	fill	showSelected2
1	#FFFFFF	unused
2	#D95F02	test
3	#D95F02	test
4	#FFFFFF	unused
5	#D95F02	test
6	#1B9E77	train
7	#FFFFFF	unused
8	#D95F02	test
9	#FFFFFF	unused
10	#D95F02	test
11	#1B9E77	train
12	#FFFFFF	unused
13	#FFFFFF	unused
14	#1B9E77	train
15	#FFFFFF	unused
16	#1B9E77	train
17	#D95F02	test
18	#D95F02	test
19	#1B9E77	train
20	#FFFFFF	unused
21	#D95F02	test
22	#1B9E77	train
23	#1B9E77	train
24	#FFFFFF	unused
25	#FFFFFF	unused
26	#FFFFFF	unused
27	#FFFFFF	unused
28	#D95F02	test
29	#1B9E77	train
30	#FFFFFF	unused
31	#1B9E77	train
32	#FFFFFF	unused
33	#D95F02	test
34	#D95F02	test
35	#FFFFFF	unused
36	#FFFFFF	unused
37	#1B9E77	train
38	#D95F02	test
39	#FFFFFF	unused
40	#1B9E77	train
41	#FFFFFF	unused
42	#D95F02	test
43	#FFFFFF	unused
44	#1B9E77	train
45	#FFFFFF	unused
46	#1B9E77	train
47	#D95F02	test
48	#D95F02	test
49	#D95F02	test
50	#1B9E77	train
51	#D95F02	test
52	#FFFFFF	unused
53	#D95F02	test
54	#FFFFFF	unused
55	#1B9E77	train
56	#1B9E77	train
57	#D95F02	test
58	#FFFFFF	unused
59	#FFFFFF	unused
60	#FFFFFF	unused
61	#FFFFFF	unused
62	#D95F02	test
63	#FFFFFF	unused
64	#D95F02	test
65	#1B9E77	train
66	#1B9E77	train
67	#FFFFFF	unused
68	#FFFFFF	unused
69	#FFFFFF	unused
70	#D95F02	test
71	#FFFFFF	unused
72	#FFFFFF	unused
73	#FFFFFF	unused
74	#D95F02	test
75	#FFFFFF	unused
76	#D95F02	test
77	#D95F02	test
78	#D95F02	test
79	#D95F02	test
80	#D95F02	test
81	#D95F02	test
82	#1B9E77	train
83	#1B9E77	train
84	#FFFFFF	unused
85	#FFFFFF	unused
86	#D95F02	test
87	#1B9E77	train
88	#D95F02	test
89	#FFFFFF	unused
90	#FFFFFF	unused
91	#FFFFFF	unused
92	#FFFFFF	unused
93	#FFFFFF	unused
94	#FFFFFF	unused
95	#D95F02	test
96	#1B9E77	train
97	#D95F02	test
98	#D95F02	test
99	#D95F02	test
100	#FFFFFF	unused
101	#FFFFFF	unused
102	#1B9E77	train
103	#FFFFFF	unused
104	#FFFFFF	unused
105	#FFFFFF	unused
106	#1B9E77	train
107	#FFFFFF	unused
108	#FFFFFF	unused
109	#D95F02	test
110	#FFFFFF	unused
111	#D95F02	test
112	#1B9E77	train
113	#D95F02	test
114	#D95F02	test
115	#D95F02	test
116	#1B9E77	train
117	#FFFFFF	unused
118	#D95F02	test
119	#FFFFFF	unused
120	#D95F02	test
121	#D95F02	test
122	#D95F02	test
123	#FFFFFF	unused
124	#D95F02	test
125	#1B9E77	train
126	#FFFFFF	unused
127	#D95F02	test
128	#D95F02	test
129	#D95F02	test
130	#FFFFFF	unused
131	#1B9E77	train
132	#1B9E77	train
133	#FFFFFF	unused
134	#FFFFFF	unused
135	#FFFFFF	unused
136	#D95F02	test
137	#1B9E77	train
138	#D95F02	test
139	#D95F02	test
140	#FFFFFF	unused
141	#FFFFFF	unused
142	#FFFFFF	unused
143	#FFFFFF	unused
144	#1B9E77	train
145	#D95F02	test
146	#FFFFFF	unused
147	#D95F02	test
148	#1B9E77	train
149	#D95F02	test
150	#FFFFFF	unused
151	#FFFFFF	unused
152	#FFFFFF	unused
153	#D95F02	test
154	#FFFFFF	unused
155	#FFFFFF	unused
156	#FFFFFF	unused
157	#D95F02	test
158	#D95F02	test
159	#1B9E77	train
160	#1B9E77	train
161	#D95F02	test
162	#1B9E77	train
163	#D95F02	test
164	#D95F02	test
165	#FFFFFF	unused
166	#FFFFFF	unused
167	#FFFFFF	unused
168	#D95F02	test
169	#FFFFFF	unused
170	#FFFFFF	unused
171	#D95F02	test
172	#FFFFFF	unused
173	#FFFFFF	unused
174	#D95F02	test
175	#FFFFFF	unused
176	#FFFFFF	unused
177	#D95F02	test
178	#FFFFFF	unused
179	#FFFFFF	unused
180	#FFFFFF	unused
181	#FFFFFF	unused
182	#D95F02	test
183	#FFFFFF	unused
184	#FFFFFF	unused
185	#D95F02	test
186	#FFFFFF	unused
187	#1B9E77	train
188	#FFFFFF	unused
189	#1B9E77	train
190	#FFFFFF	unused
191	#FFFFFF	unused
192	#FFFFFF	unused
193	#FFFFFF	unused
194	#FFFFFF	unused
195	#FFFFFF	unused
196	#FFFFFF	unused
197	#D95F02	test
198	#FFFFFF	unused
199	#FFFFFF	unused
200	#D95F02	test
201	#D95F02	test
202	#D95F02	test
203	#FFFFFF	unused
204	#1B9E77	train
205	#FFFFFF	unused
206	#D95F02	test
207	#1B9E77	train
208	#D95F02	test
209	#1B9E77	train
210	#D95F02	test
211	#FFFFFF	unused
212	#1B9E77	train
213	#FFFFFF	unused
214	#FFFFFF	unused
215	#1B9E77	train
216	#1B9E77	train
217	#1B9E77	train
218	#1B9E77	train
219	#FFFFFF	unused
220	#D95F02	test
221	#1B9E77	train
222	#FFFFFF	unused
223	#D95F02	test
224	#FFFFFF	unused
225	#1B9E77	train
226	#FFFFFF	unused
227	#1B9E77	train
228	#FFFFFF	unused
229	#FFFFFF	unused
230	#D95F02	test
231	#FFFFFF	unused
232	#D95F02	test
233	#D95F02	test
234	#FFFFFF	unused
235	#FFFFFF	unused
236	#FFFFFF	unused
237	#D95F02	test
238	#D95F02	test
239	#D95F02	test
240	#FFFFFF	unused
241	#D95F02	test
242	#1B9E77	train
243	#FFFFFF	unused
244	#FFFFFF	unused
245	#1B9E77	train
246	#1B9E77	train
247	#FFFFFF	unused
248	#D95F02	test
249	#FFFFFF	unused
250	#D95F02	test
251	#1B9E77	train
252	#D95F02	test
253	#D95F02	test
254	#1B9E77	train
255	#D95F02	test
256	#FFFFFF	unused
257	#FFFFFF	unused
258	#FFFFFF	unused
259	#FFFFFF	unused
260	#FFFFFF	unused
261	#D95F02	test
262	#D95F02	test
263	#FFFFFF	unused
264	#FFFFFF	unused
265	#FFFFFF	unused
266	#FFFFFF	unused
267	#FFFFFF	unused
268	#D95F02	test
269	#FFFFFF	unused
270	#D95F02	test
271	#1B9E77	train
272	#D95F02	test
273	#1B9E77	train
274	#FFFFFF	unused
275	#1B9E77	train
276	#FFFFFF	unused
277	#D95F02	test
278	#FFFFFF	unused
279	#FFFFFF	unused
280	#FFFFFF	unused
281	#1B9E77	train
282	#1B9E77	train
283	#FFFFFF	unused
284	#FFFFFF	unused
285	#D95F02	test
286	#D95F02	test
287	#D95F02	test
288	#1B9E77	train
289	#D95F02	test
290	#FFFFFF	unused
291	#D95F02	test
292	#FFFFFF	unused
293	#D95F02	test
294	#FFFFFF	unused
295	#1B9E77	train
296	#FFFFFF	unused
297	#FFFFFF	unused
298	#FFFFFF	unused
299	#D95F02	test
300	#FFFFFF	unused
301	#FFFFFF	unused
302	#D95F02	test
303	#D95F02	test
304	#FFFFFF	unused
305	#D95F02	test
306	#1B9E77	train
307	#FFFFFF	unused
308	#D95F02	test
309	#FFFFFF	unused
310	#D95F02	test
311	#1B9E77	train
312	#FFFFFF	unused
313	#FFFFFF	unused
314	#1B9E77	train
315	#FFFFFF	unused
316	#1B9E77	train
317	#D95F02	test
318	#D95F02	test
319	#1B9E77	train
320	#FFFFFF	unused
321	#D95F02	test
322	#1B9E77	train
323	#1B9E77	train
324	#FFFFFF	unused
325	#FFFFFF	unused
326	#FFFFFF	unused
327	#FFFFFF	unused
328	#D95F02	test
329	#1B9E77	train
330	#FFFFFF	unused
331	#1B9E77	train
332	#FFFFFF	unused
333	#D95F02	test
334	#D95F02	test
335	#FFFFFF	unused
336	#FFFFFF	unused
337	#1B9E77	train
338	#D95F02	test
339	#FFFFFF	unused
340	#1B9E77	train
341	#FFFFFF	unused
342	#D95F02	test
343	#FFFFFF	unused
344	#1B9E77	train
345	#FFFFFF	unused
346	#1B9E77	train
347	#D95F02	test
348	#D95F02	test
349	#D95F02	test
350	#1B9E77	train
351	#D95F02	test
352	#FFFFFF	unused
353	#D95F02	test
354	#FFFFFF	unused
355	#1B9E77	train
356	#1B9E77	train
357	#D95F02	test
358	#FFFFFF	unused
359	#FFFFFF	unused
360	#FFFFFF	unused
361	#FFFFFF	unused
362	#D95F02	test
363	#FFFFFF	unused
364	#D95F02	test
365	#1B9E77	train
366	#1B9E77	train
367	#FFFFFF	unused
368	#FFFFFF	unused
369	#FFFFFF	unused
370	#D95F02	test
371	#FFFFFF	unused
372	#FFFFFF	unused
373	#FFFFFF	unused
374	#D95F02	test
375	#FFFFFF	unused
376	#D95F02	test
377	#D95F02	test
378	#D95F02	test
379	#D95F02	test
380	#D95F02	test
381	#D95F02	test
382	#1B9E77	train
383	#1B9E77	train
384	#FFFFFF	unused
385	#FFFFFF	unused
386	#D95F02	test
387	#1B9E77	train
388	#D95F02	test
389	#FFFFFF	unused
390	#FFFFFF	unused
391	#FFFFFF	unused
392	#FFFFFF	unused
393	#FFFFFF	unused
394	#FFFFFF	unused
395	#D95F02	test
396	#1B9E77	train
397	#D95F02	test
398	#D95F02	test
399	#D95F02	test
400	#FFFFFF	unused
401	#FFFFFF	unused
402	#1B9E77	train
403	#FFFFFF	unused
404	#FFFFFF	unused
405	#FFFFFF	unused
406	#1B9E77	train
407	#FFFFFF	unused
408	#FFFFFF	unused
409	#D95F02	test
410	#FFFFFF	unused
411	#D95F02	test
412	#1B9E77	train
413	#D95F02	test
414	#D95F02	test
415	#D95F02	test
416	#1B9E77	train
417	#FFFFFF	unused
418	#D95F02	test
419	#FFFFFF	unused
420	#D95F02	test
421	#D95F02	test
422	#D95F02	test
423	#FFFFFF	unused
424	#D95F02	test
425	#1B9E77	train
426	#FFFFFF	unused
427	#D95F02	test
428	#D95F02	test
429	#D95F02	test
430	#FFFFFF	unused
431	#1B9E77	train
432	#1B9E77	train
433	#FFFFFF	unused
434	#FFFFFF	unused
435	#FFFFFF	unused
436	#D95F02	test
437	#1B9E77	train
438	#D95F02	test
439	#D95F02	test
440	#FFFFFF	unused
441	#FFFFFF	unused
442	#FFFFFF	unused
443	#FFFFFF	unused
444	#1B9E77	train
445	#D95F02	test
446	#FFFFFF	unused
447	#D95F02	test
448	#1B9E77	train
449	#D95F02	test
450	#FFFFFF	unused
451	#FFFFFF	unused
452	#FFFFFF	unused
453	#D95F02	test
454	#FFFFFF	unused
455	#FFFFFF	unused
456	#FFFFFF	unused
457	#D95F02	test
458	#D95F02	test
459	#1B9E77	train
460	#1B9E77	train
461	#D95F02	test
462	#1B9E77	train
463	#D95F02	test
464	#D95F02	test
465	#FFFFFF	unused
466	#FFFFFF	unused
467	#FFFFFF	unused
468	#D95F02	test
469	#FFFFFF	unused
470	#FFFFFF	unused
471	#D95F02	test
472	#FFFFFF	unused
473	#FFFFFF	unused
474	#D95F02	test
475	#FFFFFF	unused
476	#FFFFFF	unused
477	#D95F02	test
478	#FFFFFF	unused
479	#FFFFFF	unused
480	#FFFFFF	unused
481	#FFFFFF	unused
482	#D95F02	test
483	#FFFFFF	unused
484	#FFFFFF	unused
485	#D95F02	test
486	#FFFFFF	unused
487	#1B9E77	train
488	#FFFFFF	unused
489	#1B9E77	train
490	#FFFFFF	unused
491	#FFFFFF	unused
492	#FFFFFF	unused
493	#FFFFFF	unused
494	#FFFFFF	unused
495	#FFFFFF	unused
496	#FFFFFF	unused
497	#D95F02	test
498	#FFFFFF	unused
499	#FFFFFF	unused
500	#D95F02	test
501	#D95F02	test
502	#D95F02	test
503	#FFFFFF	unused
504	#1B9E77	train
505	#FFFFFF	unused
506	#D95F02	test
507	#1B9E77	train
508	#D95F02	test
509	#1B9E77	train
510	#D95F02	test
511	#FFFFFF	unused
512	#1B9E77	train
513	#FFFFFF	unused
514	#FFFFFF	unused
515	#1B9E77	train
516	#1B9E77	train
517	#1B9E77	train
518	#1B9E77	train
519	#FFFFFF	unused
520	#D95F02	test
521	#1B9E77	train
522	#FFFFFF	unused
523	#D95F02	test
524	#FFFFFF	unused
525	#1B9E77	train
526	#FFFFFF	unused
527	#1B9E77	train
528	#FFFFFF	unused
529	#FFFFFF	unused
530	#D95F02	test
531	#FFFFFF	unused
532	#D95F02	test
533	#D95F02	test
534	#FFFFFF	unused
535	#FFFFFF	unused
536	#FFFFFF	unused
537	#D95F02	test
538	#D95F02	test
539	#D95F02	test
540	#FFFFFF	unused
541	#D95F02	test
542	#1B9E77	train
543	#FFFFFF	unused
544	#FFFFFF	unused
545	#1B9E77	train
546	#1B9E77	train
547	#FFFFFF	unused
548	#D95F02	test
549	#FFFFFF	unused
550	#D95F02	test
551	#1B9E77	train
552	#D95F02	test
553	#D95F02	test
554	#1B9E77	train
555	#D95F02	test
556	#FFFFFF	unused
557	#FFFFFF	unused
558	#FFFFFF	unused
559	#FFFFFF	unused
560	#FFFFFF	unused
561	#D95F02	test
562	#D95F02	test
563	#FFFFFF	unused
564	#FFFFFF	unused
565	#FFFFFF	unused
566	#FFFFFF	unused
567	#FFFFFF	unused
568	#D95F02	test
569	#FFFFFF	unused
570	#D95F02	test
571	#1B9E77	train
572	#D95F02	test
573	#1B9E77	train
574	#FFFFFF	unused
575	#1B9E77	train
576	#FFFFFF	unused
577	#D95F02	test
578	#FFFFFF	unused
579	#FFFFFF	unused
580	#FFFFFF	unused
581	#1B9E77	train
582	#1B9E77	train
583	#FFFFFF	unused
584	#FFFFFF	unused
585	#D95F02	test
586	#D95F02	test
587	#D95F02	test
588	#1B9E77	train
589	#D95F02	test
590	#FFFFFF	unused
591	#D95F02	test
592	#FFFFFF	unused
593	#D95F02	test
594	#FFFFFF	unused
595	#1B9E77	train
596	#FFFFFF	unused
597	#FFFFFF	unused
598	#FFFFFF	unused
599	#D95F02	test
600	#FFFFFF	unused
601	#FFFFFF	unused
602	#D95F02	test
603	#D95F02	test
604	#FFFFFF	unused
605	#D95F02	test
606	#1B9E77	train
607	#FFFFFF	unused
608	#D95F02	test
609	#FFFFFF	unused
610	#D95F02	test
611	#1B9E77	train
612	#FFFFFF	unused
613	#FFFFFF	unused
614	#1B9E77	train
615	#FFFFFF	unused
616	#1B9E77	train
617	#D95F02	test
618	#D95F02	test
619	#1B9E77	train
620	#FFFFFF	unused
621	#D95F02	test
622	#1B9E77	train
623	#1B9E77	train
624	#FFFFFF	unused
625	#FFFFFF	unused
626	#FFFFFF	unused
627	#FFFFFF	unused
628	#D95F02	test
629	#1B9E77	train
630	#FFFFFF	unused
631	#1B9E77	train
632	#FFFFFF	unused
633	#D95F02	test
634	#D95F02	test
635	#FFFFFF	unused
636	#FFFFFF	unused
637	#1B9E77	train
638	#D95F02	test
639	#FFFFFF	unused
640	#1B9E77	train
641	#FFFFFF	unused
642	#D95F02	test
643	#FFFFFF	unused
644	#1B9E77	train
645	#FFFFFF	unused
646	#1B9E77	train
647	#D95F02	test
648	#D95F02	test
649	#D95F02	test
650	#1B9E77	train
651	#D95F02	test
652	#FFFFFF	unused
653	#D95F02	test
654	#FFFFFF	unused
655	#1B9E77	train
656	#1B9E77	train
657	#D95F02	test
658	#FFFFFF	unused
659	#FFFFFF	unused
660	#FFFFFF	unused
661	#FFFFFF	unused
662	#D95F02	test
663	#FFFFFF	unused
664	#D95F02	test
665	#1B9E77	train
666	#1B9E77	train
667	#FFFFFF	unused
668	#FFFFFF	unused
669	#FFFFFF	unused
670	#D95F02	test
671	#FFFFFF	unused
672	#FFFFFF	unused
673	#FFFFFF	unused
674	#D95F02	test
675	#FFFFFF	unused
676	#D95F02	test
677	#D95F02	test
678	#D95F02	test
679	#D95F02	test
680	#D95F02	test
681	#D95F02	test
682	#1B9E77	train
683	#1B9E77	train
684	#FFFFFF	unused
685	#FFFFFF	unused
686	#D95F02	test
687	#1B9E77	train
688	#D95F02	test
689	#FFFFFF	unused
690	#FFFFFF	unused
691	#FFFFFF	unused
692	#FFFFFF	unused
693	#FFFFFF	unused
694	#FFFFFF	unused
695	#D95F02	test
696	#1B9E77	train
697	#D95F02	test
698	#D95F02	test
699	#D95F02	test
700	#FFFFFF	unused
701	#FFFFFF	unused
702	#1B9E77	train
703	#FFFFFF	unused
704	#FFFFFF	unused
705	#FFFFFF	unused
706	#1B9E77	train
707	#FFFFFF	unused
708	#FFFFFF	unused
709	#D95F02	test
710	#FFFFFF	unused
711	#D95F02	test
712	#1B9E77	train
713	#D95F02	test
714	#D95F02	test
715	#D95F02	test
716	#1B9E77	train
717	#FFFFFF	unused
718	#D95F02	test
719	#FFFFFF	unused
720	#D95F02	test
721	#D95F02	test
722	#D95F02	test
723	#FFFFFF	unused
724	#D95F02	test
725	#1B9E77	train
726	#FFFFFF	unused
727	#D95F02	test
728	#D95F02	test
729	#D95F02	test
730	#FFFFFF	unused
731	#1B9E77	train
732	#1B9E77	train
733	#FFFFFF	unused
734	#FFFFFF	unused
735	#FFFFFF	unused
736	#D95F02	test
737	#1B9E77	train
738	#D95F02	test
739	#D95F02	test
740	#FFFFFF	unused
741	#FFFFFF	unused
742	#FFFFFF	unused
743	#FFFFFF	unused
744	#1B9E77	train
745	#D95F02	test
746	#FFFFFF	unused
747	#D95F02	test
748	#1B9E77	train
749	#D95F02	test
750	#FFFFFF	unused
751	#FFFFFF	unused
752	#FFFFFF	unused
753	#D95F02	test
754	#FFFFFF	unused
755	#FFFFFF	unused
756	#FFFFFF	unused
757	#D95F02	test
758	#D95F02	test
759	#1B9E77	train
760	#1B9E77	train
761	#D95F02	test
762	#1B9E77	train
763	#D95F02	test
764	#D95F02	test
765	#FFFFFF	unused
766	#FFFFFF	unused
767	#FFFFFF	unused
768	#D95F02	test
769	#FFFFFF	unused
770	#FFFFFF	unused
771	#D95F02	test
772	#FFFFFF	unused
773	#FFFFFF	unused
774	#D95F02	test
775	#FFFFFF	unused
776	#FFFFFF	unused
777	#D95F02	test
778	#FFFFFF	unused
779	#FFFFFF	unused
780	#FFFFFF	unused
781	#FFFFFF	unused
782	#D95F02	test
783	#FFFFFF	unused
784	#FFFFFF	unused
785	#D95F02	test
786	#FFFFFF	unused
787	#1B9E77	train
788	#FFFFFF	unused
789	#1B9E77	train
790	#FFFFFF	unused
791	#FFFFFF	unused
792	#FFFFFF	unused
793	#FFFFFF	unused
794	#FFFFFF	unused
795	#FFFFFF	unused
796	#FFFFFF	unused
797	#D95F02	test
798	#FFFFFF	unused
799	#FFFFFF	unused
800	#D95F02	test
801	#D95F02	test
802	#D95F02	test
803	#FFFFFF	unused
804	#1B9E77	train
805	#FFFFFF	unused
806	#D95F02	test
807	#1B9E77	train
808	#D95F02	test
809	#1B9E77	train
810	#D95F02	test
811	#FFFFFF	unused
812	#1B9E77	train
813	#FFFFFF	unused
814	#FFFFFF	unused
815	#1B9E77	train
816	#1B9E77	train
817	#1B9E77	train
818	#1B9E77	train
819	#FFFFFF	unused
820	#D95F02	test
821	#1B9E77	train
822	#FFFFFF	unused
823	#D95F02	test
824	#FFFFFF	unused
825	#1B9E77	train
826	#FFFFFF	unused
827	#1B9E77	train
828	#FFFFFF	unused
829	#FFFFFF	unused
830	#D95F02	test
831	#FFFFFF	unused
832	#D95F02	test
833	#D95F02	test
834	#FFFFFF	unused
835	#FFFFFF	unused
836	#FFFFFF	unused
837	#D95F02	test
838	#D95F02	test
839	#D95F02	test
840	#FFFFFF	unused
841	#D95F02	test
842	#1B9E77	train
843	#FFFFFF	unused
844	#FFFFFF	unused
845	#1B9E77	train
846	#1B9E77	train
847	#FFFFFF	unused
848	#D95F02	test
849	#FFFFFF	unused
850	#D95F02	test
851	#1B9E77	train
852	#D95F02	test
853	#D95F02	test
854	#1B9E77	train
855	#D95F02	test
856	#FFFFFF	unused
857	#FFFFFF	unused
858	#FFFFFF	unused
859	#FFFFFF	unused
860	#FFFFFF	unused
861	#D95F02	test
862	#D95F02	test
863	#FFFFFF	unused
864	#FFFFFF	unused
865	#FFFFFF	unused
866	#FFFFFF	unused
867	#FFFFFF	unused
868	#D95F02	test
869	#FFFFFF	unused
870	#D95F02	test
871	#1B9E77	train
872	#D95F02	test
873	#1B9E77	train
874	#FFFFFF	unused
875	#1B9E77	train
876	#FFFFFF	unused
877	#D95F02	test
878	#FFFFFF	unused
879	#FFFFFF	unused
880	#FFFFFF	unused
881	#1B9E77	train
882	#1B9E77	train
883	#FFFFFF	unused
884	#FFFFFF	unused
885	#D95F02	test
886	#D95F02	test
887	#D95F02	test
888	#1B9E77	train
889	#D95F02	test
890	#FFFFFF	unused
891	#D95F02	test
892	#FFFFFF	unused
893	#D95F02	test
894	#FFFFFF	unused
895	#1B9E77	train
896	#FFFFFF	unused
897	#FFFFFF	unused
898	#FFFFFF	unused
899	#D95F02	test
900	#FFFFFF	unused
901	#FFFFFF	unused
902	#D95F02	test
903	#D95F02	test
904	#FFFFFF	unused
905	#D95F02	test
906	#1B9E77	train
907	#FFFFFF	unused
908	#D95F02	test
909	#FFFFFF	unused
910	#D95F02	test
911	#1B9E77	train
912	#FFFFFF	unused
913	#FFFFFF	unused
914	#1B9E77	train
915	#FFFFFF	unused
916	#1B9E77	train
917	#D95F02	test
918	#D95F02	test
919	#1B9E77	train
920	#FFFFFF	unused
921	#D95F02	test
922	#1B9E77	train
923	#1B9E77	train
924	#FFFFFF	unused
925	#FFFFFF	unused
926	#FFFFFF	unused
927	#FFFFFF	unused
928	#D95F02	test
929	#1B9E77	train
930	#FFFFFF	unused
931	#1B9E77	train
932	#FFFFFF	unused
933	#D95F02	test
934	#D95F02	test
935	#FFFFFF	unused
936	#FFFFFF	unused
937	#1B9E77	train
938	#D95F02	test
939	#FFFFFF	unused
940	#1B9E77	train
941	#FFFFFF	unused
942	#D95F02	test
943	#FFFFFF	unused
944	#1B9E77	train
945	#FFFFFF	unused
946	#1B9E77	train
947	#D95F02	test
948	#D95F02	test
949	#D95F02	test
950	#1B9E77	train
951	#D95F02	test
952	#FFFFFF	unused
953	#D95F02	test
954	#FFFFFF	unused
955	#1B9E77	train
956	#1B9E77	train
957	#D95F02	test
958	#FFFFFF	unused
959	#FFFFFF	unused
960	#FFFFFF	unused
961	#FFFFFF	unused
962	#D95F02	test
963	#FFFFFF	unused
964	#D95F02	test
965	#1B9E77	train
966	#1B9E77	train
967	#FFFFFF	unused
968	#FFFFFF	unused
969	#FFFFFF	unused
970	#D95F02	test
971	#FFFFFF	unused
972	#FFFFFF	unused
973	#FFFFFF	unused
974	#D95F02	test
975	#FFFFFF	unused
976	#D95F02	test
977	#D95F02	test
978	#D95F02	test
979	#D95F02	test
980	#D95F02	test
981	#D95F02	test
982	#1B9E77	train
983	#1B9E77	train
984	#FFFFFF	unused
985	#FFFFFF	unused
986	#D95F02	test
987	#1B9E77	train
988	#D95F02	test
989	#FFFFFF	unused
990	#FFFFFF	unused
991	#FFFFFF	unused
992	#FFFFFF	unused
993	#FFFFFF	unused
994	#FFFFFF	unused
995	#D95F02	test
996	#1B9E77	train
997	#D95F02	test
998	#D95F02	test
999	#D95F02	test
1000	#FFFFFF	unused
1001	#FFFFFF	unused
1002	#1B9E77	train
1003	#FFFFFF	unused
1004	#FFFFFF	unused
1005	#FFFFFF	unused
1006	#1B9E77	train
1007	#FFFFFF	unused
1008	#FFFFFF	unused
1009	#D95F02	test
1010	#FFFFFF	unused
1011	#D95F02	test
1012	#1B9E77	train
1013	#D95F02	test
1014	#D95F02	test
1015	#D95F02	test
1016	#1B9E77	train
1017	#FFFFFF	unused
1018	#D95F02	test
1019	#FFFFFF	unused
1020	#D95F02	test
1021	#D95F02	test
1022	#D95F02	test
1023	#FFFFFF	unused
1024	#D95F02	test
1025	#1B9E77	train
1026	#FFFFFF	unused
1027	#D95F02	test
1028	#D95F02	test
1029	#D95F02	test
1030	#FFFFFF	unused
1031	#1B9E77	train
1032	#1B9E77	train
1033	#FFFFFF	unused
1034	#FFFFFF	unused
1035	#FFFFFF	unused
1036	#D95F02	test
1037	#1B9E77	train
1038	#D95F02	test
1039	#D95F02	test
1040	#FFFFFF	unused
1041	#FFFFFF	unused
1042	#FFFFFF	unused
1043	#FFFFFF	unused
1044	#1B9E77	train
1045	#D95F02	test
1046	#FFFFFF	unused
1047	#D95F02	test
1048	#1B9E77	train
1049	#D95F02	test
1050	#FFFFFF	unused
1051	#FFFFFF	unused
1052	#FFFFFF	unused
1053	#D95F02	test
1054	#FFFFFF	unused
1055	#FFFFFF	unused
1056	#FFFFFF	unused
1057	#D95F02	test
1058	#D95F02	test
1059	#1B9E77	train
1060	#1B9E77	train
1061	#D95F02	test
1062	#1B9E77	train
1063	#D95F02	test
1064	#D95F02	test
1065	#FFFFFF	unused
1066	#FFFFFF	unused
1067	#FFFFFF	unused
1068	#D95F02	test
1069	#FFFFFF	unused
1070	#FFFFFF	unused
1071	#D95F02	test
1072	#FFFFFF	unused
1073	#FFFFFF	unused
1074	#D95F02	test
1075	#FFFFFF	unused
1076	#FFFFFF	unused
1077	#D95F02	test
1078	#FFFFFF	unused
1079	#FFFFFF	unused
1080	#FFFFFF	unused
1081	#FFFFFF	unused
1082	#D95F02	test
1083	#FFFFFF	unused
1084	#FFFFFF	unused
1085	#D95F02	test
1086	#FFFFFF	unused
1087	#1B9E77	train
1088	#FFFFFF	unused
1089	#1B9E77	train
1090	#FFFFFF	unused
1091	#FFFFFF	unused
1092	#FFFFFF	unused
1093	#FFFFFF	unused
1094	#FFFFFF	unused
1095	#FFFFFF	unused
1096	#FFFFFF	unused
1097	#D95F02	test
1098	#FFFFFF	unused
1099	#FFFFFF	unused
1100	#D95F02	test
1101	#D95F02	test
1102	#D95F02	test
1103	#FFFFFF	unused
1104	#1B9E77	train
1105	#FFFFFF	unused
1106	#D95F02	test
1107	#1B9E77	train
1108	#D95F02	test
1109	#1B9E77	train
1110	#D95F02	test
1111	#FFFFFF	unused
1112	#1B9E77	train
1113	#FFFFFF	unused
1114	#FFFFFF	unused
1115	#1B9E77	train
1116	#1B9E77	train
1117	#1B9E77	train
1118	#1B9E77	train
1119	#FFFFFF	unused
1120	#D95F02	test
1121	#1B9E77	train
1122	#FFFFFF	unused
1123	#D95F02	test
1124	#FFFFFF	unused
1125	#1B9E77	train
1126	#FFFFFF	unused
1127	#1B9E77	train
1128	#FFFFFF	unused
1129	#FFFFFF	unused
1130	#D95F02	test
1131	#FFFFFF	unused
1132	#D95F02	test
1133	#D95F02	test
1134	#FFFFFF	unused
1135	#FFFFFF	unused
1136	#FFFFFF	unused
1137	#D95F02	test
1138	#D95F02	test
1139	#D95F02	test
1140	#FFFFFF	unused
1141	#D95F02	test
1142	#1B9E77	train
1143	#FFFFFF	unused
1144	#FFFFFF	unused
1145	#1B9E77	train
1146	#1B9E77	train
1147	#FFFFFF	unused
1148	#D95F02	test
1149	#FFFFFF	unused
1150	#D95F02	test
1151	#1B9E77	train
1152	#D95F02	test
1153	#D95F02	test
1154	#1B9E77	train
1155	#D95F02	test
1156	#FFFFFF	unused
1157	#FFFFFF	unused
1158	#FFFFFF	unused
1159	#FFFFFF	unused
1160	#FFFFFF	unused
1161	#D95F02	test
1162	#D95F02	test
1163	#FFFFFF	unused
1164	#FFFFFF	unused
1165	#FFFFFF	unused
1166	#FFFFFF	unused
1167	#FFFFFF	unused
1168	#D95F02	test
1169	#FFFFFF	unused
1170	#D95F02	test
1171	#1B9E77	train
1172	#D95F02	test
1173	#1B9E77	train
1174	#FFFFFF	unused
1175	#1B9E77	train
1176	#FFFFFF	unused
1177	#D95F02	test
1178	#FFFFFF	unused
1179	#FFFFFF	unused
1180	#FFFFFF	unused
1181	#1B9E77	train
1182	#1B9E77	train
1183	#FFFFFF	unused
1184	#FFFFFF	unused
1185	#D95F02	test
1186	#D95F02	test
1187	#D95F02	test
1188	#1B9E77	train
1189	#D95F02	test
1190	#FFFFFF	unused
1191	#D95F02	test
1192	#FFFFFF	unused
1193	#D95F02	test
1194	#FFFFFF	unused
1195	#1B9E77	train
1196	#FFFFFF	unused
1197	#FFFFFF	unused
1198	#FFFFFF	unused
1199	#D95F02	test
1200	#FFFFFF	unused
